package.json	159	1ff4dd7db97cc3d5ca351ca1d9b72f06b84bfb59488fd9a394769c66946a6198
src/components/middle/MessageList.tsx	1583	5d5545e847a94be3e3e8b7122afb5392f5e354174b13d880deb043ed579d98b8
src/components/middle/MessageListContent.tsx	736	6dab72bff28dfc2addb9a772dd4debbdb8ab31ca8c339197c2053d6d04b1ea34
src/components/middle/MessageListHistoryHandler.tsx	55	9a386a01a5ee35a0f758d5dd68e9363f1cb7dcf53e2e4df1188ff4b2b9727b5f
src/components/middle/MessageListBottomMarker.tsx	27	71a0254cae26e7b5a9f03d62b6e13046dfcc635d9efbe40c66c200ab2038c6fd
src/components/middle/MiddleColumn.tsx	955	da613369abd1334abdc2d66ba76a84be1cedcfa6cebc465f83bc9bb57a7df919
src/components/middle/ScrollDownButton.tsx	76	e8356580e88774520f4d1202131d90bde8b93717a0c243fde65f7be96a1dd9f2
src/components/middle/helpers/messageListReflow.ts	24	96c4e4928db588df281caa17d7bc0cace8e6ac611bc8345e47002f0e88cf292d
src/components/middle/hooks/useScrollHooks.ts	198	d19d0d68157f63c95cfebe7f129cda9e43a26a3c3267e75d1e963e0a17e1c250
src/components/middle/composer/MessageInput.tsx	942	6f2e20a0b170286345ee22c93834ff9e614a1f5a3164735675503cea0fffa477
src/components/middle/composer/hooks/useDraft.ts	211	45c728a35c1508aafae7ce49d3c39ced7aa5b8cdedaca1b1626411b15c99da6d
src/components/middle/composer/AttachmentModal.tsx	957	4212a300af16adeae5d4223526aef65c4d9551b2ad24c840ca87344618d7a87d
src/components/middle/composer/hooks/useAttachmentModal.ts	262	1faa5bfc8cd0b564199d2d8b72a090d4fa6b9356414ab22221fe45fce25f1c08
src/hooks/useSendMessageAction.ts	19	c28ba58049fcf7927ffe50509003a4fb7700ef2092c3996227680f4f46445f82
src/global/actions/api/messages.ts	4030	218ba05e18be708135e5203e08a78cbc227510c9d49f900a613d1542e1935f32
src/global/actions/ui/messages.ts	1268	36c343680493727d0d8e41053d10a16b80b37cc9183f42c29e6eb529a36596e4
src/global/reducers/messages.ts	1137	d69f625ce63ca1e8186be1d29647d944af8f18f7ab14963c5a7db44b8d5b6b15
src/global/selectors/messages.ts	1614	b4d6ba9ec40a59b39b211e46b3d31cdbeaf3c6e36f6a798c23fddd6fbe133623
src/components/middle/message/Message.tsx	2400	2f1b75faeb435ead0d81717f3eab9441da3edee57083064677be7250df38f95f
src/components/common/helpers/renderMessageText.ts	153	3d139f3b04033d074c590e92a775a37e88887a056748ba048f21df76f9967914
src/components/middle/message/WebPage.tsx	360	8545d2df49b443831087c2f32c36eafe8ae8756a8923a150c1787f73c3dbefdb
src/components/middle/message/MessageMeta.tsx	261	f9f8d1858ee089d3677e8a78b06d3d47c4fc3ab27a5f7ef07cdcd70fff37b31a
src/components/middle/message/helpers/messageCopy.ts	124	84eb0f479d07bb23346effaa5215666906c9dcdd6fc0eeb0a43e1b01b3c88448
src/components/middle/search/MiddleSearch.tsx	965	a5fd3a649603e6dd3d0a36d42172c22bea35eb2ee5d839ed1eef4ca9e292514f
src/components/middle/search/MiddleSearchResult.tsx	122	50899ae050d72d3b999e8978f6df2531ded854e1a358d1cb7dce0b7cbce2a51b
src/global/actions/api/middleSearch.ts	591	4131cb764cc7e2276dc03e3b1e8be967e54114fc55bc1b56d670e375bb6c1992
src/global/actions/ui/middleSearch.ts	76	b79375e7c34c271ab83562a534d2da088b7f2efa134577d7213e40177fb11cc2
src/global/reducers/middleSearch.ts	518	a6f3f5970a73b4bf41c3d5a3c4f257b2112c65a7f7716225bab4517ee39ab049
src/global/selectors/middleSearch.ts	60	782aafc544460536d4ae0e409b0fbb19f54acb87116c947d72df3fad7674c342
src/hooks/useHistoryBack.ts	329	52e5d3c8d0cf9b2372bf0173f94390f20457635a0abdce06692098603d2dc09b
src/components/ui/Modal.tsx	353	292861a5b10944da4d601eceb7e0e28fbb9cb1410c76657fd8d91e3fbcf8da92
src/components/common/Composer.tsx	3513	72ac98bd16400462718d4873adb7d7a9e5edd5eaa66ade56dce536caf5df6f3f
src/components/middle/composer/helpers/buildAttachment.ts	245	d9894e24508e2c54d13c0c28617434cf594825939bbb7171849ad58697df3041
src/components/middle/composer/hooks/useRichMedia.ts	432	1d18e3bb4670982d72eb1e3d73a3a70d7af12fbbc892fbbce652feadf08ff32f
src/components/middle/composer/helpers/richEditorMarkdown.ts	129	0fccc4df82fb3afccedd2eefc67b0e28871533c5826370aac383523f29869e20
src/components/middle/composer/helpers/richEditorComposer.ts	191	a15f14c474410bd6ceced4fc42eb54a1254e49653e19bf31f15cf96b703d19ea
src/components/middle/message/hooks/useFocusMessageListElement.ts	110	24a3ed93c95818793bb20695d3b9a5697196448b20b8605f2320becac2032f29
src/global/actions/ui/chats.ts	293	c3b4794a5b184b07139719d2c3db5e0583afad7f2427355353c75dd38f7b2362
src/global/reducers/threads.ts	241	684b8c82632e43a75d8c3efd4e81c4a2d18b0108b064d747dc3cdc1fb0302330
src/global/selectors/threads.ts	175	886d3d7ef5c499616a3abfc229681adb5fb685b1f54b210262c0b85c4dc43bea
src/global/actions/apiUpdaters/messages.ts	1860	218bc0f62e83feb04bc55e525f631dc7fbe034e70020d2e2d1517aca5379e3bf
src/util/keys/messageKey.ts	46	b637c35b55b4d9f5d0152c7ae3436e3025fa0e4fe516e2fca8e063eaee1f6835
src/api/gramjs/methods/messages.ts	3454	070f07f24fc90c4aad45749f160e21a2ac44a9bb3296e13fe082111b2a4bbe9a
src/api/gramjs/apiBuilders/messages.ts	904	9e594bd32743bd58f43e472ec7b9a103cf0e62bbe5da5490f0e2e7984e165da4
src/components/common/helpers/renderTextWithEntities.tsx	803	bfcb77fbe9328fab621d5cd746cb38e80ef235860242d40b1ad66a3a8a843ed6
src/components/common/helpers/renderText.tsx	330	13c8bd3c0ed871c3c8bc2d36d68236b68d5d637e713b5a23c94379b69d9c42c3
src/components/middle/message/ContextMenuContainer.tsx	1095	19c1cf15c340df3b0e5cfc98d2788a7724979b51301e75a3ceaef09e3a4ce504
src/components/middle/message/MessageContextMenu.tsx	700	724f2ad9ce7026ccaf7d824a8acf6b1ac05b3078e0e8751cbeebc0669faa40af
src/components/ui/SearchInput.tsx	243	e91c7984e510895779d270e4431923c219daba1dfd5732fe6b9c1ff3fd4de501
src/components/common/MessageText.tsx	201	dfe31a452220366a371705c27c68478ec61df909fe758ed18738c69670c0ae2f
src/components/common/MessageRichText.tsx	421	a353d51bf62daefb74d601bec2a746671c055425d44450851412d3c8573d74e9
src/components/middle/MessageList.scss	603	e9dbab5d24b777eb2bdf962577a43196292710463f09536b040f5598eb4896d3
